dataset,person,unit,bw_mult,bw_tag,within_day,n,n_pairs,n_attractors,separation_sd,n_barriers,barrier_ratio,barrier_dist_sd,local_sd_sd,run_length_obs,q1_primary,q1_sensitivity,kramers_log10_dwell_INVALID,attractors
kossakowski,1,mood_relaxed,1.4,primary,False,1476,1475,1,,0,,,0.6541955975210539,2.9343936381709743,no-second-attractor,no-second-attractor,,4.397
kossakowski,1,mood_relaxed,1.4,primary,True,1476,1238,1,,0,,,0.816168950050708,2.9343936381709743,no-second-attractor,no-second-attractor,,4.361
kossakowski,1,mood_relaxed,1.0,sensitivity,False,1476,1475,1,,0,,,0.4750329507728037,2.9343936381709743,no-second-attractor,no-second-attractor,,4.444
kossakowski,1,mood_relaxed,1.0,sensitivity,True,1476,1238,1,,0,,,0.5547598766820299,2.9343936381709743,no-second-attractor,no-second-attractor,,4.430
kossakowski,1,mood_down,1.4,primary,False,1474,1473,1,,0,,,0.6427905934937764,4.864686468646864,no-second-attractor,no-second-attractor,,0.469
kossakowski,1,mood_down,1.4,primary,True,1474,1236,1,,0,,,1.202304390119821,4.864686468646864,no-second-attractor,no-second-attractor,,0.331
kossakowski,1,mood_down,1.0,sensitivity,False,1474,1473,1,,0,,,0.45796353829533004,4.864686468646864,no-second-attractor,no-second-attractor,,0.483
kossakowski,1,mood_down,1.0,sensitivity,True,1474,1236,1,,0,,,0.7806285952343653,4.864686468646864,no-second-attractor,no-second-attractor,,0.406
kossakowski,1,mood_irritat,1.4,primary,False,1473,1472,1,,0,,,0.7104220519382075,2.7430167597765363,no-second-attractor,no-second-attractor,,2.488
kossakowski,1,mood_irritat,1.4,primary,True,1473,1235,1,,0,,,0.6891119238370865,2.7430167597765363,no-second-attractor,no-second-attractor,,2.572
kossakowski,1,mood_irritat,1.0,sensitivity,False,1473,1472,1,,0,,,0.5170960722068633,2.7430167597765363,no-second-attractor,no-second-attractor,,2.493
kossakowski,1,mood_irritat,1.0,sensitivity,True,1473,1235,1,,0,,,0.5040090276731566,2.7430167597765363,no-second-attractor,no-second-attractor,,2.537
kossakowski,1,mood_satisfi,1.4,primary,False,1473,1472,1,,0,,,0.5911824110789303,2.6830601092896176,no-second-attractor,no-second-attractor,,4.348
kossakowski,1,mood_satisfi,1.4,primary,True,1473,1235,1,,0,,,0.5798326423219018,2.6830601092896176,no-second-attractor,no-second-attractor,,4.359
kossakowski,1,mood_satisfi,1.0,sensitivity,False,1473,1472,1,,0,,,0.4296580666974943,2.6830601092896176,no-second-attractor,no-second-attractor,,4.421
kossakowski,1,mood_satisfi,1.0,sensitivity,True,1473,1235,1,,0,,,0.42253936846539764,2.6830601092896176,no-second-attractor,no-second-attractor,,4.426
kossakowski,1,mood_lonely,1.4,primary,False,1474,1473,1,,0,,,0.6789566047771622,7.757894736842105,no-second-attractor,no-second-attractor,,-0.450
kossakowski,1,mood_lonely,1.4,primary,True,1474,1236,1,,0,,,0.4933042180714275,7.757894736842105,no-second-attractor,no-second-attractor,,-0.480
kossakowski,1,mood_lonely,1.0,sensitivity,False,1474,1473,1,,0,,,0.35043937057669644,7.757894736842105,no-second-attractor,no-second-attractor,,-0.479
kossakowski,1,mood_lonely,1.0,sensitivity,True,1474,1236,1,,0,,,0.3380439511452726,7.757894736842105,no-second-attractor,no-second-attractor,,-0.482
kossakowski,1,mood_anxious,1.4,primary,False,1473,1472,1,,0,,,0.38140852796413793,8.093406593406593,no-second-attractor,no-second-attractor,,-0.491
kossakowski,1,mood_anxious,1.4,primary,True,1473,1235,1,,0,,,0.37520502703521635,8.093406593406593,no-second-attractor,no-second-attractor,,-0.491
kossakowski,1,mood_anxious,1.0,sensitivity,False,1473,1472,1,,0,,,0.3383862046103416,8.093406593406593,no-second-attractor,no-second-attractor,,-0.485
kossakowski,1,mood_anxious,1.0,sensitivity,True,1473,1235,1,,0,,,0.33398867195260057,8.093406593406593,no-second-attractor,no-second-attractor,,-0.486
kossakowski,1,mood_enthus,1.4,primary,False,1473,1472,1,,0,,,0.8886049546448775,3.0122699386503067,no-second-attractor,no-second-attractor,,3.700
kossakowski,1,mood_enthus,1.4,primary,True,1473,1235,1,,0,,,1.265966333596057,3.0122699386503067,no-second-attractor,no-second-attractor,,3.777
kossakowski,1,mood_enthus,1.0,sensitivity,False,1473,1472,1,,0,,,0.6218405887020756,3.0122699386503067,no-second-attractor,no-second-attractor,,3.602
kossakowski,1,mood_enthus,1.0,sensitivity,True,1473,1235,1,,0,,,0.8775352167720727,3.0122699386503067,no-second-attractor,no-second-attractor,,3.643
kossakowski,1,mood_cheerf,1.4,primary,False,1473,1472,1,,0,,,0.6992193890973254,3.0371134020618555,no-second-attractor,no-second-attractor,,4.349
kossakowski,1,mood_cheerf,1.4,primary,True,1473,1235,1,,0,,,0.6426093102433336,3.0371134020618555,no-second-attractor,no-second-attractor,,4.370
kossakowski,1,mood_cheerf,1.0,sensitivity,False,1473,1472,1,,0,,,0.49924957438193535,3.0371134020618555,no-second-attractor,no-second-attractor,,4.420
kossakowski,1,mood_cheerf,1.0,sensitivity,True,1473,1235,1,,0,,,0.4594562779105921,3.0371134020618555,no-second-attractor,no-second-attractor,,4.431
kossakowski,1,mood_guilty,1.4,primary,False,1473,1472,1,,0,,,0.9965787101293128,8.138121546961326,no-second-attractor,no-second-attractor,,-0.438
kossakowski,1,mood_guilty,1.4,primary,True,1473,1235,1,,0,,,0.6592451084532671,8.138121546961326,no-second-attractor,no-second-attractor,,-0.457
kossakowski,1,mood_guilty,1.0,sensitivity,False,1473,1472,1,,0,,,0.5209542942006082,8.138121546961326,no-second-attractor,no-second-attractor,,-0.457
kossakowski,1,mood_guilty,1.0,sensitivity,True,1473,1235,1,,0,,,0.368751609040179,8.138121546961326,no-second-attractor,no-second-attractor,,-0.480
kossakowski,1,mood_strong,1.4,primary,False,1473,1472,1,,0,,,0.9838659182446519,3.363013698630137,no-second-attractor,no-second-attractor,,3.719
kossakowski,1,mood_strong,1.4,primary,True,1473,1235,1,,0,,,0.8936504216563238,3.363013698630137,no-second-attractor,no-second-attractor,,3.709
kossakowski,1,mood_strong,1.0,sensitivity,False,1473,1472,1,,0,,,0.6836563409569822,3.363013698630137,no-second-attractor,no-second-attractor,,3.613
kossakowski,1,mood_strong,1.0,sensitivity,True,1473,1235,1,,0,,,0.6201735919466693,3.363013698630137,no-second-attractor,no-second-attractor,,3.606
kossakowski,1,_composite,1.4,primary,False,1476,1475,1,,0,,,0.9206837593981567,2.3653846153846154,no-second-attractor,no-second-attractor,,0.012
kossakowski,1,_composite,1.4,primary,True,1476,1238,1,,0,,,0.9820785372201293,2.3653846153846154,no-second-attractor,no-second-attractor,,0.012
kossakowski,1,_composite,1.0,sensitivity,False,1476,1475,1,,0,,,0.895180657466713,2.3653846153846154,no-second-attractor,no-second-attractor,,0.014
kossakowski,1,_composite,1.0,sensitivity,True,1476,1238,1,,0,,,0.9611130311178813,2.3653846153846154,no-second-attractor,no-second-attractor,,0.016
